# Bot
dotnet-maestro[bot] <dotnet-maestro[bot]@users.noreply.github.com> <42748379+dotnet-maestro[bot]@users.noreply.github.com> 
dotnet-bot <dotnet-bot@microsoft.com> <dotnet-bot@helix-staging-mac.guest.corp.microsoft.com>
dotnet bot <dotnet-bot@microsoft.com> <dotnet-bot@dotnetfoundation.org>

Aaron Bockover <abock@xamarin.com> <abockover@novell.com>
Aaron R Robinson <arobins@microsoft.com> Aaron Robinson <arobins@microsoft.com>
Aaron Robinson <arobins@microsoft.com> <30635565+AaronRobinsonMSFT@users.noreply.github.com>
Aaron Robinson <arobins@microsoft.com> <aaronrobin1234@gmail.com>
Adam Friedman <tintoy@users.noreply.github.com> <tintoy@tintoy.io>
Adam Sitnik <adam.sitnik@microsoft.com> <adam.sitnik@gmail.com>
Adeel <adeelbm@outlook.com> <3840695+am11@users.noreply.github.com>
Adeel Mujahid <adeelbm@outlook.com> <3840695+am11@users.noreply.github.com>
Adeel Mujahid <adeelbm@outlook.com> Adeel <adeelbm@outlook.com>
Aditya Mandaleeka <adityam@microsoft.com> <adityamandaleeka@users.noreply.github.com>
Ahmet İbrahim Aksoy <aaksoy@microsoft.com> <liveans07@hotmail.com>
Ahmet İbrahim Aksoy <aaksoy@microsoft.com> Ahmet Ibrahim Aksoy <aaksoy@microsoft.com>
Ahson Khan <ahkha@microsoft.com> <ahson_ahmedk@yahoo.com>
Akhil Indurti <akhilindurti@microsoft.com> <aindurti@gmail.com>
Aleksandr Shaurtaev <38426614+ashaurtaev@users.noreply.github.com> ashaurtaev <38426614+ashaurtaev@users.noreply.github.com>
Aleksey Kliger (λgeek) <alklig@microsoft.com> <akliger@gmail.com>
Aleksey Kliger (λgeek) <alklig@microsoft.com> <aleksey@lambdageek.org>
Aleksey Kliger (λgeek) <alklig@microsoft.com> Aleksey Kliger <aleksey@lambdageek.org>
Aleksey Kliger (λgeek) <alklig@microsoft.com> Aleksey Kliger <aleksey@xamarin.com>
Aleksey Kliger (λgeek) <alklig@microsoft.com> Aleksey Kliger <alklig@microsoft.com>
Alex <cod7alex@gmail.com> cod7alex <cod7alex@gmail.com>
Alex Corrado <alexc@xamarin.com> <alexander.corrado@gmail.com>
Alex Ghiondea <ghiondea.alexandru@microsoft.com> <AlexGhiondea@users.noreply.github.com>
Alex Ghiondea <ghiondea.alexandru@microsoft.com> <alex.ghiondea@gmail.com>
Alex Ghiondea <ghiondea.alexandru@microsoft.com> alexghiondea <ghiondea.alexandru@microsoft.com>
Alex Perovich <alperovi@microsoft.com> alperovi <alperovi@microsoft.com>
Alex Rønne Petersen <alexrp@xamarin.com> alexrp <alex@lycus.org>
Alex Rønne Petersen <alexrp@xamarin.com> alexrp <xtzgzorex@gmail.com>
Alex Rønne Petersen <alexrp@xamarin.com> <alex@alexrp.com>
Alex Rønne Petersen <alexrp@xamarin.com> <alex@lycus.org>
AAlexander Köplinger <alex.koeplinger@outlook.com> Alexander Köplinger <alex.koeplinger@outlook.com>
Alexander Speshilov <speshuric@gmail.com> <speshuric@mail.ru>
Alexandre Mutel <alexandre_mutel@live.com> <alexandre_mutel@yahoo.fr>
Alexis Nowikowski <darxis@users.noreply.github.com> darxis <darxis@users.noreply.github.com>
Alfredo Menendez Sancho <alfremen@microsoft.com> <virtual.ams@gmail.com>
Alfredo Menendez Sancho <alfremen@microsoft.com> AlfredoMS <alfremen@microsoft.com>
Ali Khalili <akyegane@gmail.com> <ali.khalili@oneadvanced.com>
Alicia Li <Alicial@Microsoft.com> <Lxiamail@users.noreply.github.com>
Amy <amycmyu@gmail.com> acmyu <amycmyu@gmail.com>
Amy Yu <cm3yu@uwaterloo.ca> <amycmyu@gmail.com>
Anatoly Zhmur <azhmur@gmail.com> <Anatoly.Zhmur@broadridge.com>
Andi McClure <andi.mcclure@xamarin.com> Andi McClure ext:(%22) <andi.mcclure@xamarin.com>
Andreia Gaita <avidigal@novell.com> <shana.ufie@gmail.com>
Andreia Gaita <avidigal@novell.com> <shana@jitted.com>
Andreia Gaita <avidigal@novell.com> <shana@spoiledcat.net>
Andrew <andreas97fm@mail.ru> <andrewshirokoff@gmail.com>
Andrew Anikin <andreas97fm@mail.ru> Andrew <andreas97fm@mail.ru>
Andrew Stanton-Nurse <andrew@stanton-nurse.com> <andrew@andrewnurse.net>
Andrey Kvochko <a.kvochko@samsung.com> <kvochko@users.noreply.github.com>
Andrey Kvochko <a.kvochko@samsung.com> kvochko <a.kvochko@samsung.com>
Andrii Kurdiumov <kant2002@gmail.com> Andrey Kurdyumov <kant2002@gmail.com>
Andriy Tsymbalistyi <a.tsymbalistyi@outlook.com> Andriy <a.tsymbalistyi@outlook.com>
Andy Gocke <angocke@microsoft.com> <andy@commentout.net>
Angelo Compagnucci <angelo.compagnucci@gmail.com> <angelo@amarulasolutions.com>
Anirudh Agnihotry <anagniho@microsoft.com> <anirudhagnihotry098@gmail.com>
Ankit Jain <ankit.jain@xamarin.com> <radical@corewars.org>
Ankit Jain <ankit.jain@xamarin.com> <radical@gmail.com>
Anton Firszov <Anton.Firszov@microsoft.com> <antonfir@gmail.com>
Anton Landor <55381413+AntonLandor@users.noreply.github.com> AntonLandor <55381413+AntonLandor@users.noreply.github.com>
Anubhav Srivastava <t-ansri@microsoft.com> <SrivastavaAnubhav@users.noreply.github.com>
AraHaan <seandhunt_7@yahoo.com> <15173749+AraHaan@users.noreply.github.com>
Ashley Mannix <ashleymannix@live.com.au> <admin@kodr.com.au>
Ashley Winters <ashley.winters@freedomvoice.com> awinters-fvs <ashley.winters@freedomvoice.com>
Atsushi Eno <atsushi@ximian.com> <atsushieno@gmail.com>
Atsushi Eno <atsushi@ximian.com> <atsushieno@veritas-vos-liberabit.com>
Atsushi Eno <atsushi@ximian.com> atsushieno <atsushi@ximian.com>
Atsushi Kanamori <atsushik@microsoft.com> <AtsushiKan@users.noreply.github.com>
Austin Wise <wisea@google.com> <AustinWise@gmail.com>
Axel Heer <axel@heer.eu> axelheer <axel@heer.eu>
Barry Dorrans <barry.dorrans@microsoft.com> <github.com@idunno.org>
Bart J.F. De Smet <bartde@microsoft.com> <bartdesmet@hotmail.com>
Bart J.F. De Smet <bartde@microsoft.com> Bart De Smet <bartde@microsoft.com>
Ben Bader <ben@getkeepsafe.com> <ben@bendb.com>
Ben Gribaudo <ben@benntiff.com> <me@bengribaudo.com>
Ben Monroe <bendono@gmail.com> <bendono@users.noreply.github.com>
Ben Pye <ben@curlybracket.co.uk> <ben@debian>
Benjamin Bartels <benjamin@bartels.dev> <bartels.benjamin@tutanota.de>
Benjamin Hodgson <bhodgson@stackoverflow.com> <3857587+benjamin-hodgson@users.noreply.github.com>
Benjamin Hodgson <bhodgson@stackoverflow.com> <benjamin.hodgson@huddle.com>
Bernhard Urban <bernhard.urban@xamarin.com> <lewurm@gmail.com>
Bernie Schoch <bpschoch@gmail.com> bpschoch <bpschoch@gmail.com>
Bjarke Istrup Pedersen <gurligebis@gentoo.org> <bip@dis-play.dk>
Bjarke Istrup Pedersen <gurligebis@gentoo.org> <gurli@gurlinet.dk>
Bojan Rajkovic <brajkovic@coderinserepeat.com> <bojan@airpoweranalytics.com>
Brad Robinson <brobinson@toptensoftware.com> <contact@toptensoftware.com>
Brennan Conroy <brecon@microsoft.com> Brennan <brecon@microsoft.com>
Brennan Conroy <brecon@microsoft.com> BrennanConroy <brecon@microsoft.com>
Brian Bohe <t-brboh@microsoft.com> <brianbohe@gmail.com>
Brian Luczkiewicz <brian@blucz.com> <brian@sooloos.com>
Bruce Bowyer-Smyth <bbowyersmyth@live.com.au> <contact@wmf2wpf.com>
Bruce Forstall <brucefo@microsoft.com> <Bruce_Forstall@msn.com>
Bruno Garcia <bruno@brunogarcia.com> <github@brunogarcia.com>
Bryan P. Arant <bryanar@microsoft.com> Bryan Arant <bryanar@microsoft.com>
Caesar Chen <shizchen@microsoft.com> <caesar1995@users.noreply.github.com>
Caesar Chen <shizchen@microsoft.com> <schen381@users.noreply.github.com>
Caesar Chen <shizchen@microsoft.com> <shizhe95@gmail.com>
Cagri Aslan <caslan@microsoft.com> <cagriaslan@Andrews-Mac-mini.local>
Cagri Aslan <caslan@microsoft.com> Cagri (Charlie) Aslan <caslan@microsoft.com>
Cagri Aslan <caslan@microsoft.com> Cagri <caslan@microsoft.com>
Calvin Buckley <calvin@cmpct.info> Calvin <calvin@cmpct.info>
Carlos Sánchez López <1175054+carlossanlop@users.noreply.github.com> Carlos Sanchez <1175054+carlossanlop@users.noreply.github.com>
Carlos Sánchez López <1175054+carlossanlop@users.noreply.github.com> Carlos Sanchez Lopez <1175054+carlossanlop@users.noreply.github.com>
Cesar Blum Silveira <cesars@microsoft.com> <cesarbs@gmail.com>
Chad Nedzlek <chadnedz@microsoft.com> <ChadNedzlek@users.noreply.github.com>
Charles Milette <charles.milette@gmail.com> <me@charlesmilette.net>
Charles Stoner <chucks@microsoft.com> <10732005+cston@users.noreply.github.com>
Chris R <crummel@microsoft.com> <Tratcher@outlook.com>
Chris Ross <chrross@microsoft.com> <Tratcher@Outlook.com>
Chris Ross <chrross@microsoft.com> Chris Ross (ASP.NET) <chrross@microsoft.com>
Chris Rummel <crummel@microsoft.com> Chris R <crummel@microsoft.com>
Chris Toshok <toshok@novell.com> <toshok@gmail.com>
Christiaan de Ridder <christiaan@channelengine.com> <ik@christiaanderidder.nl>
Christopher Costa <chcosta@microsoft.com> <Christopher Costa>
Christopher Costa <chcosta@microsoft.com> chcosta <chcosta@microsoft.com>
Christopher Watford <christopher.watford@ge.com> <83599748+watfordsuzy@users.noreply.github.com>
Cory Nelson <conelso@microsoft.com> <cnelson@ctlglobalsolutions.com>
Cory Nelson <conelso@microsoft.com> <phrosty@gmail.com>
Cristian Pop <Cristian.Pop@microsoft.com> <CIPop@users.noreply.github.com>
Cyd Haselton <chaselton@gmail.com> cydhaselton <chaselton@gmail.com>
CyrusNajmabadi <cyrusn@microsoft.com> <cyrus.najmabadi@gmail.com>
Dan Friedman <MisinformedDNA@users.noreply.github.com> <dan@fantasticfriedmans.com>
Dan Moseley <danmose@microsoft.com> dan moseley <danmose@microsoft.com>
Dan Moseley <danmose@microsoft.com> danmose <danmose@microsoft.com>
Dan Moseley <danmose@microsoft.com> danmosemsft <danmose@microsoft.com>
Daniel Plaisted <daplaist@microsoft.com> <dsplaisted@gmail.com>
Daniel Podder <dapodd@microsoft.com> <dpodder@gmail.com>
Daniel Svensson <daniel.svensson@hotmail.se> <Daniel-Svensson@users.noreply.github.com>
Daniel Svensson <daniel.svensson@hotmail.se> <daniel.svensson@crm.se>
David Cantu <dacantu@microsoft.com> <jozkyy@gmail.com>
David Cantú <dacantu@microsoft.com> <16040868+Jozkee@users.noreply.github.com>
David Cantú <dacantu@microsoft.com> David Cantu <dacantu@microsoft.com>
David Karlaš <david.karlas@microsoft.com> David Karlaš <david.karlas@microsoft.com>
David Karlaš <david.karlas@xamarin.com> David Karlaš <david.karlas@xamarin.com>
David Kean <davkean@microsoft.com> <dave@keansbox.com>
David Kean <davkean@microsoft.com> davkean <davkean@microsoft.com>
David Wright <dawright@microsoft.com> <dcwuser@live.com>
Davis Goodin <dagood@microsoft.com> <dagood@users.noreply.github.com>
Davis Goodin <dagood@microsoft.com> dagood <dagood@microsoft.com>
Denis Paranichev <48580269+denis-paranichev@users.noreply.github.com> <48580269+DenisParal@users.noreply.github.com>
Divino César <disoares@microsoft.com> <divcesar@gmail.com>
Dmitri Botcharnikov <dmitry.b@samsung.com> Dmitri-Botcharnikov <dmitry.b@samsung.com>
Dmitry-Me <wipedout@yandex.ru> <Dmitry-Me@users.noreply.github.com>
Dong-Heon Jung <dheon.jung@samsung.com> <clamp03@gmail.com>
Doug Bunting <dougbu@microsoft.com> <6431421+dougbu@users.noreply.github.com>
Drew Kersnar <dakersnar@me.com> <18474647+dakersnar@users.noreply.github.com>
Drew Scoggins <anscoggi@microsoft.com> <Drew Scoggins>
Driele Neves Ribeiro <t-drneve@microsoft.com> <35274978+drneve@users.noreply.github.com>
Dávid Kaya <david.kaya@ysoft.com> <mail@davidkaya.sk>
Eberhard Beilharz <ermshiperete@users.noreply.github.com> <eb1@sil.org>
Eddy Nakamura <ednakamu@microsoft.com> <eddynaka@gmail.com>
Egor Bogatov <egorbo@gmail.com> EgorBo <egorbo@gmail.com>
EgorBo <egorbo@gmail.com> <egor@gmail.com>
Eldar Dordzhiev <eldardordzhiev@gmail.com> <eadordzhiev@users.noreply.github.com>
Elinor Fung <elfung@microsoft.com> <47805090+elinor-fung@users.noreply.github.com>
Eric Eilebrecht <ericeil@microsoft.com> <ericeil@hotmail.com>
Eric Eilebrecht <ericeil@microsoft.com> <ericeil@users.noreply.github.com>
Eric Erhardt <eric.erhardt@microsoft.com> eerhardt <eric.erhardt@microsoft.com>
Eric Mellino <erme@microsoft.com> <mellinoe@gmail.com>
Eric White <v-ericwh@microsoft.com> <eric@ericwhite.com>
Eugene <Eugene.Zemtsov@microsoft.com> <e.zemtsov@gmail.com>
Eugene Zemtsov <Eugene.Zemtsov@microsoft.com> <e.zemtsov@gmail.com>
Eugene Zemtsov <Eugene.Zemtsov@microsoft.com> Eugene <Eugene.Zemtsov@microsoft.com>
Evgeny Pavlov <e.pavlov@samsung.com> <lucenticus@gmail.com>
Fadi Hanna <fadim@microsoft.com> <fadi.mounir@outlook.com>
Fadi Hanna <fadim@microsoft.com> fadimounir <fadim@microsoft.com>
Fan Yang <yangfan@microsoft.com> <52458914+fanyang-mono@users.noreply.github.com>
Fan Yang <yangfan@microsoft.com> fanyang-mono <yangfan@microsoft.com>
Fei Peng <fei.peng@intel.com> <feipeng.compiler@gmail.com>
Fei Peng <fei.peng@intel.com> Fei <fei.peng@intel.com>
Felipe Pessoto <fepessot@microsoft.com> <felipepessoto@hotmail.com>
Filip Lundgren <filip@poppermost.se> <filip@inkdev.net>
Filip Navara <navara@emclient.com> <filip.navara@gmail.com>
Fred Silberberg <frsilb@microsoft.com> <fred@silberberg.xyz>
Gaurav Khanna <gkhanna@microsoft.com> <Gaurav Khanna>
Gaurav Khanna <gkhanna@microsoft.com> Gaurav Khanna (CLR) <gkhanna@microsoft.com>
Gaurav Khanna <gkhanna@microsoft.com> gkhanna79 <gkhanna@microsoft.com>
Gene Lee <gelee@microsoft.com> geleems <gelee@microsoft.com>
Geoff Kizer <geoffrek@microsoft.com> <geoffrek>
Geoff Norton <gnorton@novell.com> <grompf@gmail.com>
Geoff Norton <gnorton@novell.com> <grompf@sublimeintervention.com>
Geoff Norton <gnorton@novell.com> <kangaroo@clr.ninja>
Geoff Norton <gnorton@novell.com> <plasma@limestone.local>
Gert Driesen <drieseng@users.sourceforge.net> <gert.driesen@telenet.be>
Geunsik Lim <geunsik.lim@samsung.com> <leemgs@users.noreply.github.com>
Gleb Balykov <g.balykov@samsung.com> gbalykov <g.balykov@samsung.com>
Gonzalo Paniagua Javier <gonzalo@novell.com> <gonzalo.mono@gmail.com>
Gregory Bell <gregoryscottbell@gmail.com> <65985703+grbell-ms@users.noreply.github.com>
Gregory LEOCADIE <gregory.leocadie@datadoghq.com> <gregory.leocadie@gmail.com>
Grégoire <g.verdier@criteo.com> <gregoire.verdier@gmail.com>
Hanjoung Lee <hanjoung.lee@samsung.com> <waterets@gmail.com>
Hannah Zhang <t-hazhan@microsoft.com> <hannah.zhang813@gmail.com>
Heath Baron-Morgan <heathbm@outlook.com> <business.heath@gmail.com>
Hemanth Kapila <skapila@microsoft.com> <saihemanth@gmail.com>
Henric Müller <hemuller@microsoft.com> <henric.muller@gmail.com>
Huangli Wu <huanwu@microsoft.com> huanwu <huanwu@microsoft.com>
Huangli Wu <huanwu@microsoft.com> huanwu@microsoft.com <huanwu@microsoft.com>
Hyung-Kyu Choi <hk0110.choi@samsung.com> <hqueue@users.noreply.github.com>
Igor Kulaychuk <i.kulaychuk@samsung.com> <igor.kulaychuk@gmail.com>
Ilya <darpa@yandex.ru> <ilya.babentsov@gmail.com>
Ilya <ilya.babentsov@gmail.com> <DieselMachine84@users.noreply.github.com>
Immo Landwerth <immol@microsoft.com> <immo@landwerth.net>
Ivan Diaz Sanchez <ivdiazsa@microsoft.com> <52939971+ivdiazsa@users.noreply.github.com>
JC Aguilera <juanam@microsoft.com> <jcagme@users.noreply.github.com>
Jack Pappas <jack.pappas@gmail.com> <jack-pappas@users.noreply.github.com>
Jack Pappas <jack.pappas@gmail.com> <jackp@server.fake>
Jackson Schuster <jschuster@microsoft.com> <36744439+jtschuster@users.noreply.github.com>
Jacob Bundgaard <jbu@templafy.com> <jacob@jacobbundgaard.dk>
Jakob Botsch Nielsen <t-janie@microsoft.com> <jakob.botsch.nielsen@gmail.com>
James Ko <jamesqko@gmail.com> <kojames8111@gmail.com>
Jan Jahoda <jajahoda@microsoft.com> <aik.jahoda@post.cz>
Jan Krivanek <jankrivanek@microsoft.com> <krivanek.j@hotmail.com>
Jan Vorlicek <janvorli@microsoft.com> <jan.vorlicek@volny.cz>
Jared Parsons <jaredpar@microsoft.com> <jaredpparsons@gmail.com>
Jarret Shook <jashoo@microsoft.com> <jarret_shook@outlook.com>
Jarret Shook <jashoo@microsoft.com> <jashook@jarrets-mini.guest.corp.microsoft.com>
Jarret Shook <jashoo@microsoft.com> jashoo <jashoo@microsoft.com>
Jarret Shook <jashoo@microsoft.com> jashook <jashoo@microsoft.com>
Jason Malinowski <jason.malinowski@microsoft.com> <jason@jason-m.com>
Javier Calvarro Nelson <jacalvar@microsoft.com> jacalvar <jacalvar@microsoft.com>
Jay Simmons <jsimmons@microsoft.com> <boatboy22@hotmail.com>
Jb Evain <jbevain@microsoft.com> <jb@evain.net>
Jb Evain <jbevain@microsoft.com> <jbevain@gmail.com>
Jean-Michel Perraud <jean-michel.perraud@csiro.au> per202 <jean-michel.perraud@csiro.au>
Jeremy Barton <jbarton@microsoft.com> <bartonjs@jsb-mac.local>
Jeremy Barton <jbarton@microsoft.com> bartonjs <jbarton@microsoft.com>
Jeremy Koritzinsky <jekoritz@microsoft.com> <jkoritzinsky@gmail.com>
Jeroen Janssen <jeroen@mono-cvs.ximian.com> <jeroen.janssen@gmail.com>
Jiayi Yu <14067510+yujayee@users.noreply.github.com> Jiayi <14067510+yujayee@users.noreply.github.com>
Jim Demis <10913919+jimdemis@users.noreply.github.com> Jim <10913919+jimdemis@users.noreply.github.com>
João Matos <joao@tritao.eu> triton <joao@tritao.eu>
Joe Tremblay <jos.trem@gmail.com> <joe.tremblay@ncr.com>
Joel Verhagen <jver@microsoft.com> <joel.verhagen@gmail.com>
John Beisner <jbeisner@microsoft.com> <johnbeisner@users.noreply.github.com>
John Doe <github.john.doe@outlook.com> github-john-doe <github.john.doe@outlook.com>
John Kelly <johnkellyoxford@gmail.com> John <johnkellyoxford@gmail.com>
John Luo <johluo@microsoft.com> <jt.luo@mail.utoronto.ca>
John Luo <johluo@microsoft.com> = <johluo@microsoft.com>
Jon Miller <jonmill@microsoft.com> <sokket@outlook.com>
Jonathan Chambers <jonathan@unity3d.com> <joncham@gmail.com>
Jonathan Miller <jonmill@microsoft.com> Jon Miller <jonmill@microsoft.com>
Jonathan Peppers <jonathan.peppers@microsoft.com> <jonathan.peppers@gmail.com>
Jonghyun Park <jh1302.park@samsung.com> <parjong@gmail.com>
Joseph Tremoulet <jotrem@microsoft.com> <JCTremoulet@gmail.com>
Josh Free <jfree@microsoft.com> <joshfree@users.noreply.github.com>
Josh Free <jfree@microsoft.com> joshfree <jfree@microsoft.com>
Josh Peterson <joshuap@unity3d.com> <petersonjm1@gmail.com>
Joshua Peterson <joshuap@unity3d.com> <petersonjm1@gmail.com>
Joshua Peterson <joshuap@unity3d.com> Josh Peterson <joshuap@unity3d.com>
João Matos <joao.matos@xamarin.com> <joao@tritao.eu>
João Matos <joao.matos@xamarin.com> <ripzonetriton@gmail.com>
João Matos <joao.matos@xamarin.com> Joao Matos <joao.matos@xamarin.com>
João Matos <joao.matos@xamarin.com> Joao Matos <joao@tritao.eu>
Juan Sebastian Hoyos Ayala <juan.hoyos@microsoft.com> <juan.s.hoyos@outlook.com>
Juan Sebastian Hoyos Ayala <juan.hoyos@microsoft.com> <juan@hoyosjs.com>
Julien Couvreur <jcouv@microsoft.com> <jcouv@users.noreply.github.com>
Julien Couvreur <jcouv@microsoft.com> <julien.couvreur@gmail.com>
Julius Hardt <julius@postfach-hardt.de> <julius.moritz@live.de>
Justin Kotalik <jukotali@microsoft.com> <jkotalik12@gmail.com>
Jérémie Laval <jeremie.laval@gmail.com> Jeremie Laval <jeremie.laval@gmail.com>
Jérôme Laban <jerome@platform.uno> <jerome.laban@nventive.com>
Jérôme Laban <jerome@platform.uno> <jlaban@gmail.com>
Kai Ruhnau <Kai.Ruhnau@live.com> <kai.ruhnau@target-sg.com>
Kamil Rytarowski <n54@gmx.com> <krytarowski@users.noreply.github.com>
Karel Zikmund <karelz@microsoft.com> <karelz@users.noreply.github.com>
Katarzyna Bułat <t-kabul@microsoft.com> <kasia.bulat@gmail.com>
Ken Dale <kendale@microsoft.com> <ken@kendaleiv.com>
Kevin Gosse <kevin.gosse@datadoghq.com> <krix33@gmail.com>
Konstantin Baladurin <k.baladurin@samsung.com> <k.baladurin@gmail.com>
Koundinya Veluri <kouvel@microsoft.com> <kouvel@users.noreply.github.com>
Kristian Hellang <kristian@hellang.com> <kristian.hellang@iris.no>
Krzysztof Wicher <kwicher@microsoft.com> <mordotymoja@gmail.com>
Kuinox <nvandeginste@gmail.com> <github@kuinox.io>
Kyle White <kywhi@microsoft.com> <kdubau@gmail.com>
Lakshan Fernando <lakshanf@microsoft.com> <lakshanf@hotmail.com>
Lakshmi Priya <lasekar@microsoft.com> <Priya91@users.noreply.github.com>
Lakshmi Priya Sekar <lasekar@microsoft.com> <Priya91@users.noreply.github.com>
Lance Hepler <lhepler@pacificbiosciences.com> <nlhepler@gmail.com>
Layomi Akinrinade <laakinri@microsoft.com> <layomia@gmail.com>
Leonid Tsarev <leo@leotsarev.ru> <leo@bastilia.ru>
Leslie Zhai <zhaixiang@loongson.cn> <xiangzhai83@gmail.com>
Levi Broderick <levib@microsoft.com> <GrabYourPitchforks@users.noreply.github.com>
Livar Cunha <licavalc@microsoft.com> <livar@live.com>
Llewellyn Pritchard <xacc.ide@gmail.com> leppie <xacc.ide@gmail.com>
Logan Bussell <loganbussell@microsoft.com> <36081148+lbussell@users.noreply.github.com>
Lubomir Litchev <lubol@microsoft.com> <LLITCHEV@users.noreply.github.com>
Lubomir Litchev <lubol@microsoft.com> <llitchev@live.com>
Luqun Lou <luqunl@microsoft.com> <luqunl@users.noreply.github.com>
Maira Wenzel <mairaw@microsoft.com> <mairaw@users.noreply.github.com>
Manodasan Wignarajah <mawign@microsoft.com> <manodasan@hotmail.com>
Manuel Pfemeter <manne@users.noreply.github.com> <m>
Maoni Stephens <maonis@microsoft.com> <Maoni0@users.noreply.github.com>
Maoni Stephens <maonis@microsoft.com> maoni0 <maonis@microsoft.com>
Maoni0 <maonis@microsoft.com> <@>
Marcin Badurowicz <m@badurowicz.net> <ktos@ktos.info>
Marco Rossignoli <marco.rossignoli@gmail.com> <boss@darkside.fs2pp1vdsxkehmdivj0oonl4vg.ax.internal.cloudapp.net>
Marcos Henrich <marcos.henrich@xamarin.com> <marcoshenrich@gmail.com>
Marek Habersack <mhabersack@novell.com> <grendel@twistedcode.net>
Marek Linka <marek.linka@outlook.com> <mareklinka@users.noreply.github.com>
Marek Safar <masafa@microsoft.com> <marek.safar@gmail.com>
Margus Veanes <margus@microsoft.com> <veanes@users.noreply.github.com>
Marie Píchová <mapichov@microsoft.com> <11718369+ManickaP@users.noreply.github.com>
Marie Píchová <mapichov@microsoft.com> <mana.pichova@gmail.com>
Marius Ungureanu <marius.ungureanu@xamarin.com> <teromario@yahoo.com>
Marius Ungureanu <marius.ungureanu@xamarin.com> <therzok@gmail.com>
Mark Mason <glowingpurple@gmail.com> <mmason@upwardaccess.com>
Matt Cohn <macohn@microsoft.com> <FiveTimesTheFun@users.noreply.github.com>
Matt Galbraith <mattgal@microsoft.com> <MattGal@users.noreply.github.com>
Matt Johnson-Pint <mattjoh@microsoft.com> <mattjohnsonpint@gmail.com>
Matt Kotsenas <mattkot@microsoft.com> <Matt.Kotsenas@gmail.com>
Matt Mitchell <mmitche@microsoft.com> <matchell@outlook.com>
Matthew Parkinson <mattpark@microsoft.com> <mjp41@users.noreply.github.com>
Matthew Parkinson <mattpark@microsoft.com> <parky@outlook.com>
Matthias Mailänder <matthias@mailaender.name> <Mailaender@users.noreply.github.com>
Maxim Lipnin <v-maxlip@microsoft.com> <mlipnin@gmail.com>
Michael DeRoy <michaelde@unity3d.com> <mderoy@users.noreply.github.com>
Michael Sharp <misharp@microsoft.com> <51342856+michaelgsharp@users.noreply.github.com>
Michael Simons <msimons@microsoft.com> <hitnmis@outlook.com>
Michal Strehovský <michals@microsoft.com> <MichalStrehovsky@users.noreply.github.com>
Michał Petryka <35800402+MichalPetryka@users.noreply.github.com> MichalPetryka <35800402+MichalPetryka@users.noreply.github.com>
Michelle McDaniel <michelm@microsoft.com> <adiaaida@gmail.com>
Mikayla Hutchinson <mhutchinson@novell.com> <m.j.hutchinson@gmail.com>
Mike McLaughlin <mikem@microsoft.com> <mikem8361@users.noreply.github.com>
Mike Voorhees <michaelv@unity3d.com> <mrvoorhe@users.noreply.github.com>
Mike Voorhees <michaelv@unity3d.com> <vernish13@gmail.com>
Mikhail Filippov <Mikhail.Filippov@jetbrains.com> <mikhail@filippov.me>
Mikhail Kurinnoi <m.kurinnoi@samsung.com> <viewizard@viewizard.com>
Mikhail Pilin <mikhail@pilin.name> <ww898@users.noreply.github.com>
Milena Hristova <mhristova@microsoft.com> <milena.hristova12@gmail.com>
Mitchell Hwang <mitchhwang1418@gmail.com> <16830051+mdh1418@users.noreply.github.com>
Morgan Brown <morganb@microsoft.com> <morganbr@users.noreply.github.com>
Mukul Sabharwal <muks@microsoft.com> <mjsabby@gmail.com>
Mukund Raghav Sharma (Moko) <mukund.sharma92@gmail.com> <68247673+mrsharm@users.noreply.github.com>
MyungJoo Ham <myungjoo.ham@samsung.com> <myungjoo.ham@gmail.com>
NN <nn1436401@gmail.com> <580536+NN---@users.noreply.github.com>
Natalia Kondratyeva <knatalia@microsoft.com> <kondratyeva.ns@gmail.com>
Nate McMaster <nate.mcmaster@microsoft.com> <natemcmaster@users.noreply.github.com>
Neale Ferguson <neale@mono-cvs.ximian.com> <neale@sinenomine.net>
Neale Ferguson <neale@mono-cvs.ximian.com> <neale@ubuntu-14-x64-01.devlab.sinenomine.net>
Next Turn <45985406+nxtn@users.noreply.github.com> <45985406+NextTurn@users.noreply.github.com>
Nicholas Orlowsky <38eui@protonmail.com> <nickorlow@nickorlow.com>
Nick Craver <craver@stackoverflow.com> <nrcraver@gmail.com>
Nikiforov Alexey <nik-alekcey@yandex.ua> <nikiforovalekcey@gmail.com>
Niklas Therning <nitherni@microsoft.com> <niklas@therning.org>
Nikolay Sivov <nsivov@codeweavers.com> <bunglehead@gmail.com>
Noah Falk <noahfalk@microsoft.com> <noahfalk@users.noreply.github.com>
Omair Majid <omajid@redhat.com> <omair.majid@gmail.com>
Omar Tawfik <otawfik@microsoft.com> <OmarTawfik@users.noreply.github.com>
OmariO <omario@outlook.com> <omariom@users.noreply.github.com>
Pallavi Taneja <pallavit@microsoft.com> <pallavit@users.noreply.github.com>
Paolo Molaro <lupus@ximian.com> <lupus@oddwiz.org>
Pat Gavlin <pagavlin@microsoft.com> <pgavlin@gmail.com>
Paul Harrington <pharring@microsoft.com> <pharring@users.noreply.github.com>
Paulo Janotti <pauloja@microsoft.com> <pjanotti@hotmail.com>
Pavel Savara <pavelsavara@microsoft.com> <pavel.savara@gmail.com>
Peter Kukol <peterku@microsoft.com> <pkukol@users.noreply.github.com>
Pieter-Jan Briers <pieterjan.briers@gmail.com> <pieterjan.briers+git@gmail.com>
Prajwal A N <an.prajwal@samsung.com> <prajwal.an92@gmail.com>
Pranav Senthilnathan <pranas@microsoft.com> <pranav.senthilnathan@live.com>
Prem Ramanathan <premram@microsoft.com> <fieryorc@users.noreply.github.com>
Radek Doulik <rodo@xamarin.com> <radek.doulik@gmail.com>
Radek Doulik <rodo@xamarin.com> <radekdoulik@gmail.com>
Radek Doulik <rodo@xamarin.com> <radekdoulik@users.noreply.github.com>
Rich Lander <rlander@microsoft.com> <rich@lander.ca>
Richard L Ford <richford@microsoft.com> <richardlford@users.noreply.github.com>
Rob Hague <rob.hague00@gmail.com> <rh@johnstreetcapital.com>
Robert Henry <robhenry@microsoft.com> <rrh.henry@gmail.com>
Robert Matusewicz <robert.matusewicz@protonmail.com> <matekm@gmail.com>
Robert Matusewicz <robert.matusewicz@protonmail.com> <robert.matusewicz@newvoicemedia.com>
Robert Nagy <robert@openbsd.org> <robert@bsd.hu>
Robin Lindner <robin@deeprobin.de> <robin.lindner1@t-online.de>
Rodrigo Kumpera <kumpera@gmail.com> <kumpera@gmal.com>
Rodrigo Kumpera <kumpera@gmail.com> <kumpera@users.noreply.github.com>
Romain Tartière <romain@FreeBSD.org> <romain@blogreen.org>
Ruben Ayrapetyan <r.ayrapetyan@samsung.com> <ruben-ayrapetyan@users.noreply.github.com>
Ryan Lucia <rylucia@microsoft.com> <ryan@luciaonline.net>
Ryan Nowak <rynowak@microsoft.com> <nowakra@gmail.com>
SGuy Ge <sguyge@microsoft.com> <SGuyGe@users.noreply.github.com>
SaeHie Park <saehie.park@samsung.com> <saehie.park@gmail.com>
Sam Harwell <Sam.Harwell@microsoft.com> <sam@tunnelvisionlabs.com>
Sasha Semennikov <alsemenn@microsoft.com> <alsemenn@sashas-mbp.guest.corp.microsoft.com>
Sean Gillespie <segilles@microsoft.com> <sean.william.g@gmail.com>
Sejong OH <sejooh@microsoft.com> <sejooh@sejoohubuntu0.guest.corp.microsoft.com>
Sejong Oh <sejooh@microsoft.com> <sejong.oh.25911@outlook.com>
Senthil Chellappan <schellap@microsoft.com> <schellap@bose.guest.corp.microsoft.com>
Sergey Andreenko <seandree@microsoft.com> <AC-93@MAIL.RU>
Sergey Andreenko <seandree@microsoft.com> <andreenkosa@gmail.com>
Shimmy <2716316+weitzhandler@users.noreply.github.com> <weitzhandler@users.noreply.github.com>
Simon Nattress <simonn@microsoft.com> <nattress@gmail.com>
Sinan Kaya <sinan.kaya@microsoft.com> <41809318+franksinankaya@users.noreply.github.com>
Stanislav Ushakov <sushakov@dataart.com> <StanislavUshakov@users.noreply.github.com>
Stefan <Tornhoof@users.noreply.github.com> <29021710+Saalvage@users.noreply.github.com>
Steffen Kieß <kiess@ki4.de> <s-kiess@web.de>
Stephanie Niu <t-stniu@microsoft.com> <niustephanie@users.noreply.github.com>
Stephen A. Imhoff <clockwork-muse@outlook.com> Clockwork-Muse <clockwork-muse@outlook.com>
Stephen Franceschelli <stephenmichaelf@gmail.com> Steve Franceschelli <stephenmichaelf@gmail.com>
Stephen Franceschelli <stephenmichaelf@gmail.com> stephenmichaelf <stephenmichaelf@gmail.com>
Stephen Toub <stoub@microsoft.com> stephentoub <stoub@microsoft.com>
Steve Desmond <stevedesmond-ca@users.noreply.github.com> <steve@vtsv.ca>
Steve Harter <sharter@microsoft.com> <steveharter@users.noreply.github.com>
Steve Pfister <steveisok1@yahoo.com> <steveisok@users.noreply.github.com>
Steven Kirbach <stevenki@microsoft.com> <steven.kirbach@gmail.com>
Sven Boemer <svbomer@microsoft.com> <sbomer@gmail.com>
SwapnilGaikwad <swapnil.gaikwad@arm.com> <gaikwad.swapnil@gmail.com>
Swaroop Sridhar <swaroops@microsoft.com> swaroop-sridhar <swaroops@microsoft.com>
Sychev Vadim <svd-main@outlook.com> <svddroid@gmail.com>
Tanner Gooding <tagoo@microsoft.com> <tagoo@outlook.com>
Tanner Gooding <tagoo@microsoft.com> <tannergooding@users.noreply.github.com>
Tarek Mahmoud Sayed <tarekms@microsoft.com> <10833894+tarekgh@users.noreply.github.com>
Tarek Mahmoud Sayed <tarekms@microsoft.com> Tarek mahmoud Sayed <tarekms@microsoft.com>
Tarek Mahmoud Sayed <tarekms@microsoft.com> Tarekm Mahmoud Sayed <tarekms@microsoft.com>
Tautvydas Žilys <zilys@unity3d.com> <tautvydas.zilys@gmail.com>
Taylor Southwick <tasou@microsoft.com> <twsouthwick@outlook.com>
Theodore Tsirpanis <teo@tsirpanis.gr> <12659251+teo-tsirpanis@users.noreply.github.com>
Thomas Levesque <1864281+thomaslevesque@users.noreply.github.com> <thomaslevesque@users.noreply.github.com>
Tijoy Tom Kalathiparambil <tijoytk@microsoft.com> tijoytk <tijoytk@microsoft.com>
Tijoy Tom Kalathiparambil <tijoytk@microsoft.com> tijoytom <tijoytk@MUONNEUTRINO>
Tijoy Tom Kalathiparambil <tijoytk@microsoft.com> tijoytom <tijoytk@microsoft.com>
Tijoy Tom Kalathiparambil <tijoytk@microsoft.com> tijoytom <tijoytom.com>
Tijoy Tom Kalathiparambil <tijoytk@microsoft.com> tijoytom <tijoytom@gmail.com>
Tijoy Tom Kalathiparambil <tijoytk@microsoft.com> tijoytom <tijoytom@users.noreply.github.com>
Tlakaelel Axayakatl Ceja <tlakaelel.ceja@microsoft.com> <tlakaelel_axayakatl@outlook.com>
Tom Deseyn <tom.deseyn@gmail.com> Master T <tom.deseyn@gmail.com>
Tom Hindle <mono@hindlemail.co.uk> <tom_hindle@sil.org>
Tomas Weinfurt <toweinfurt@microsoft.com> <furt@toweinfu-d11.guest.corp.microsoft.com>
Tomas Weinfurt <toweinfurt@microsoft.com> <tweinfurt@yahoo.com>
Tomáš Rylek <trylek@microsoft.com> Tomas <trylek@microsoft.com>
Travis Querec <tquerec@microsoft.com> <tquerec@gmail.com>
Tyler Brinkley <Tyler.Brinkley@outlook.com> <tydude4christ@hotmail.com>
Tymoteusz Wenerski <t.wenerski@partner.samsung.com> <tymoteusz.wenerski@gmail.com>
Uri Simchoni <urisimchoni@users.noreply.github.com> <uri@vfunction.com>
Vance Morrison <vancem@microsoft.com> <vancemorrison@comcast.net>
Vijay Kota <vijayko@microsoft.com> <vijaykota@users.noreply.github.com>
Viktor Hofer <viktor.hofer@microsoft.com> <viktor.hofer@outlook.com>
Vincent Povirk <vincent@codeweavers.com> <madewokherd@gmail.com>
Virgile Bello <virgile.bello@gmail.com> <virgile@siliconstudio.co.jp>
Vitek Karas <vitek.karas@microsoft.com> <10670590+vitek-karas@users.noreply.github.com>
Vitek Karas <vitek.karas@microsoft.com> <vitek-karas@users.noreply.github.com>
Vitek Karas <vitek.karas@microsoft.com> vitek-karas <10670590+vitek-karas@users.noreply.github.com>
Vitek Karas <vitek.karas@microsoft.com> vitek-karas <vitek-karas@users.noreply.github.com>
Vitek Karas <vitek.karas@microsoft.com> vitek-karas <vitek.karas@microsoft.com>
Vivek Mishra <vivmish@microsoft.com> <vivmishra@gmail.com>
Vlad Brezae <brezaevlad@gmail.com> Brezae Vlad <brezaevlad@gmail.com>
Vlad Brezae <brezaevlad@gmail.com> BrzVlad <brezaevlad@gmail.com>
Vladimir Chirikov <vovanchig@gmail.com> <vchirikov@servicetitan.com>
Vladimir Kargov <kargov@gmail.com> <vkargov@users.noreply.github.com>
Vladimir Sadov <vsadov@microsoft.com> <vsadov@live.com>
Vladimir Sadov <vsadov@microsoft.com> vsadov <vsadov@microsoft.com>
Vladimir Vukicevic <vlad@mono-cvs.ximian.com> <vladimir@pobox.com>
Weihan Li <weihanli@outlook.com> <7604648+WeihanLi@users.noreply.github.com>
Will Dean <github_will@indcomp.co.uk> <will.dean@indcomp.co.uk>
William Godbe <wigodbe@microsoft.com> <william.godbe@comcast.net>
William Godbe <wigodbe@microsoft.com> <williamgodbe@Wills-MacBook-Pro-3.local>
William Holmes <billholmes54@gmail.com> <wfh@canframe64.ansys.com>
Wraith2 <wraith2@gmail.com> <Wraith2@users.noreply.github.com>
Wraith2 <wraith2@gmail.com> Wraith <wraith2@gmail.com>
Xander Hoogland <github@xanland.nl> xhoogland <github@xanland.nl>
Xy Ziemba <xyziemba@microsoft.com> <xy.ziemba@gmail.com>
Yaakov <yaakov-h@users.noreply.github.com> <yaakov@codingrange.com>
Yi Zhang <yzha@microsoft.com> Yi Zhang (CLR) <yizhang82@users.noreply.github.com>
Yi Zhang <yzha@microsoft.com> Yi Zhang (CLR) <yzha@microsoft.com>
Yoh Deadfall <yoh.deadfall@hotmail.com> YohDeadfall <yoh.deadfall@hotmail.com>
Yongseop Kim <yons.kim@samsung.com> <dragon.seop@gmail.com>
Youssef Victor <youssefvictor00@gmail.com> <31348972+Youssef1313@users.noreply.github.com>
Yufei Huang <yufeih@live.com> <yufeih@users.noreply.github.com>
Yusuke Ito <itn3000@gmail.com> <skitoy4321@gmail.com>
Zachary Montoya <zamont@microsoft.com> Zach Montoya <zamont@microsoft.com>
Zhicheng Zhu <zhizhu@microsoft.com> <ZhichengZhu@users.noreply.github.com>
ahsonkhan <ahson_ahmedk@yahoo.com> <ahsonkhan@users.noreply.github.com>
carlossanlop <calope@microsoft.com> <1175054+carlossanlop@users.noreply.github.com>
carlossanlop <calope@microsoft.com> <carlossanlop@users.noreply.github.com>
cherusker <prince.cherusker@gmail.com> <cherusker@users.noreply.github.com>
chunseoklee <chunseok.lee@samsung.com> <chunseoklee@naver.com>
cydhaselton <chaselton@gmail.com> <ubuntu@ip-172-31-42-205.us-west-2.compute.internal>
dotnet bot <dotnet-bot@microsoft.com> dotnet-bot <dotnet-bot@microsoft.com>
ebraminio <ebrahim@gnu.org> <ebraminio@gmail.com>
eterekhin <Evgeny.Terekhin@jetbrains.com> <evgter55@gmail.com>
hamish-rose <hamishr@protonmail.com> Unknown <hamishr@protonmail.com>
hrrrrustic <hrrrrustic@gmail.com> <35951936+hrrrrustic@users.noreply.github.com>
i59 <filip@poppermost.se> <filip@inkdev.net>
iSazonov <darpa@yandex.ru> Ilya <darpa@yandex.ru>
iinuwa <isaiah.inuwa@gmail.com> <isaiah.inuwa@moody.edu>
imhameed <imhameed@microsoft.com> <50922266+imhameed@users.noreply.github.com>
jashook <jashoo@microsoft.com> <jarret_shook@outlook.com>
jbeisner <jbeisner@microsoft.com> <johnbeisner@users.noreply.github.com>
lajones <lajones@microsoft.com> <lajones@users.noreply.github.com>
lateralusX <lateralusx.github@gmail.com> <lateralusX@users.noreply.github.com>
lord-executor <executor.dev@gmail.com> <lukas.angerer@gmail.com>
mdh1418 <mitchhwang1418@gmail.com> <mdh1418@users.noreply.github.com>
mkborg <mikhail.krivtsov@gmail.com> <mkborg@users.noreply.github.com>
naminodarie <gengesa@gmail.com> <32071278+naminodarie@users.noreply.github.com>
neon-sunset <neon-sunset@outlook.com> <neon_sunset@outlook.com>
noahfalk <noahfalk@microsoft.com> <noahfalk@users.noreply.github.com>
ragmani <ragmani0216@samsung.com> <ragmani0216@gmail.com>
schellap <schellap@microsoft.com> <schellap@schellaps-mbp.guest.corp.microsoft.com>
sergey ignatov <s.ignatov@samsung.com> <sergign60@mail.ru>
stefan-sf-ibm <stefansf@linux.ibm.com> <73470131+stefan-sf-ibm@users.noreply.github.com>

Marc Gravell <marcgravell@microsoft.com> <marc.gravell@gmail.com>
Radek Zikmund <radekzikmund@microsoft.com> <r.zikmund.rz@gmail.com>
Radek Zikmund <radekzikmund@microsoft.com> <32671551+rzikm@users.noreply.github.com>
Andrew Au <andrewau@microsoft.com> <cshung@gmail.com>
Jo Shields <joshield@microsoft.com> <directhex@apebox.org>
Juan Hoyos <juan.hoyos@microsoft.com> <19413848+hoyosjs@users.noreply.github.com>
Aman Khalid <t-amankhalid@microsoft.com> <aakhalid@umich.edu>
Egor Chesakov <Egor.Chesakov@microsoft.com> <5292656+echesakovMSFT@users.noreply.github.com>
Don Syme <dsyme@microsoft.com> <donsyme@fastmail.com>
Don Syme <dsyme@microsoft.com> <dsyme@users.noreply.github.com>
Eugene Auduchinok <eugene.auduchinok@jetbrains.com> <eugene.auduchinok@gmail.com>
Gauthier Segay <gauthier.segay@gmail.com> <smoothdeveloper@users.noreply.github.com>
Kevin Ransom <kevinr@microsoft.com> <codecutter@hotmail.com>
Kevin Ransom <kevinr@microsoft.com> Kevin Ransom (msft) <codecutter@hotmail.com>
Kevin Ransom <kevinr@microsoft.com> Kevin Ransom (msft) <codecutter.fsharp@hotmail.com>
Vlad Zarytovskii <vlza@microsoft.com> <vzaritovsky@hotmail.com>
Vlad Zarytovskii <vlza@microsoft.com> <1260985+vzarytovskii@users.noreply.github.com>
Jan Dryk <me@uxsoft.cz> <jan.dryk@merck.com>
Jon Fortescue <jofortes@microsoft.com> <jonfortescue@protonmail.com>